{"azi":[0.78539816339744828,-0.78539816339744828,2.3561944901923448,-2.3561944901923448],"zen":[0.9553166181245093,2.1862760354652839,2.1862760354652839,0.9553166181245093]}