{"azi":[0,-1.0172219678979439,-1.5707963267948966,0,-2.1243706856918494,1.5707963267948966,3.1415926535897931,2.1243706856918494,1.5707963267948966,3.1415926535897931,1.0172219678979439,-1.5707963267948966],"zen":[2.1243706856918489,1.5707963267948966,0.55357435889695261,1.0172219678979439,1.5707963267948966,2.5880182946928407,2.1243706856918489,1.5707963267948966,0.55357435889695261,1.0172219678979439,1.5707963267948966,2.5880182946928407]}