{"azi":[-0.54290033527094783,1.9340934008013113,2.5986923183188466,0.56223774795041748,1.2074992527884825,-0.56223774795041748,-1.207499252788482,-2.5793549056393759,-1.934093400801312,2.579354905639375,0.54290033527094639,-2.5986923183188466,-0.37081071903743279,-1.8885178614882885,2.7707819345523603,2.4395136988526396,-1.2530747921015044,-2.4395136988526396,1.2530747921015044,-0.70207895473715354,1.8885178614882885,0.70207895473715354,0.37081071903743279,-2.7707819345523603,1.8614023266523338,-0.046484741158884846,-1.2801903269374595,-1.7251014091267169,-3.0951079124309095,1.7251014091267207,3.0951079124309082,1.4164912444630726,0.046484741158884846,-1.4164912444630726,-1.861402326652333,1.2801903269374595],"zen":[0.63440331710885822,1.038543923817365,0.63440331710885778,1.8819950624955417,2.1030487297724276,1.2595975910942514,1.0385439238173659,1.8819950624955417,2.1030487297724267,1.2595975910942514,2.5071893364809354,2.5071893364809354,2.404632996977174,0.8939166736031684,2.404632996977174,1.8167978060651457,2.2476759799866253,1.3247948475246474,0.89391667360316773,1.8167978060651457,2.2476759799866248,1.3247948475246474,0.736959656612619,0.736959656612619,1.61533461471656,1.8611057595220681,1.61533461471656,0.29390362504003842,1.2804868940677248,2.8476890285497554,1.8611057595220672,0.29390362504003753,1.2804868940677259,2.8476890285497554,1.5262580388732332,1.5262580388732332]}